<?xml version="1.0" encoding="utf-8"?><feed xmlns="http://www.w3.org/2005/Atom" ><generator uri="https://jekyllrb.com/" version="3.6.2">Jekyll</generator><link href="http://localhost:4000/feed.xml" rel="self" type="application/atom+xml" /><link href="http://localhost:4000/" rel="alternate" type="text/html" /><updated>2017-12-26T23:05:51+05:30</updated><id>http://localhost:4000/</id><subtitle>Feel free to bookmark this site, to know about me and keep an eye on my projects.</subtitle><entry><title type="html">Test of Jekyll</title><link href="http://localhost:4000/2017/12/25/test-of-jekyll.html" rel="alternate" type="text/html" title="Test of Jekyll" /><published>2017-12-25T00:56:24+05:30</published><updated>2017-12-25T00:56:24+05:30</updated><id>http://localhost:4000/2017/12/25/test-of-jekyll</id><content type="html" xml:base="http://localhost:4000/2017/12/25/test-of-jekyll.html">&lt;p&gt;Testing Jekyll.&lt;/p&gt;</content><author><name></name></author><summary type="html">Testing Jekyll.</summary></entry></feed>